count,host_original,cluster,recommended_action,recommended_host_sd,recommended_taxid,rank,confidence,reason
11,Antho dichotoma,ambiguous_manual_review,leave_review_needed,,,,none,No conservative final-host rule matched.
4,saffron finche,ambiguous_manual_review,leave_review_needed,,,,none,No conservative final-host rule matched.
4,Possum,common_host_name,add_reviewed_host_synonym,Phalangeriformes,38603,order,medium,reviewed broad possum group; species ambiguous
4,D. marginatus,ambiguous_manual_review,leave_review_needed,,,,none,No conservative final-host rule matched.
3,Perognathus penicillatus,ambiguous_manual_review,leave_review_needed,,,,none,No conservative final-host rule matched.
3,Otariinae,common_host_name,add_reviewed_host_synonym,Otariinae,9709,subfamily,medium,reviewed sea lion/fur seal subfamily
3,Phalangeriformes,common_host_name,add_reviewed_host_synonym,Phalangeriformes,38603,order,medium,reviewed possum group
3,Carpobrotus rossii,ambiguous_manual_review,leave_review_needed,,,,none,No conservative final-host rule matched.
3,Oryctes gigas,ambiguous_manual_review,leave_review_needed,,,,none,No conservative final-host rule matched.
3,protozoa,common_host_name,add_reviewed_host_synonym,Eukaryota,2759,superkingdom,medium,reviewed broad protozoan/eukaryote host
3,"Crasosstrea spp., Farfantepenaeus spp.",ambiguous_manual_review,leave_review_needed,,,,none,No conservative final-host rule matched.
3,Trididemnum orbiculatum,ambiguous_manual_review,leave_review_needed,,,,none,No conservative final-host rule matched.
3,lilac,ambiguous_manual_review,leave_review_needed,,,,none,No conservative final-host rule matched.
3,Discodermia calyx,ambiguous_manual_review,leave_review_needed,,,,none,No conservative final-host rule matched.
3,dinoflagellate,common_host_name,add_reviewed_host_synonym,Dinophyceae,2864,class,medium,reviewed broad dinoflagellate host
2,Beilhmielda manni,ambiguous_manual_review,leave_review_needed,,,,none,No conservative final-host rule matched.
2,anguine,common_host_name,add_reviewed_host_synonym,Squamata,8509,order,medium,reviewed broad snake/lizard adjective; kept broad
2,Sow,common_host_name,add_reviewed_host_synonym,Sus scrofa,9823,species,high,reviewed common female pig host
2,possum,common_host_name,add_reviewed_host_synonym,Phalangeriformes,38603,order,medium,reviewed broad possum group; species ambiguous
2,seabass,ambiguous_manual_review,leave_review_needed,,,,none,No conservative final-host rule matched.
2,Sugar cane,common_host_name,add_reviewed_host_synonym,Saccharum officinarum,4547,species,high,reviewed crop host/common name
2,Barbera,common_host_name,add_reviewed_host_synonym,Vitis vinifera,29760,species,high,reviewed grape cultivar host/source
2,Hazelnut,common_host_name,add_reviewed_host_synonym,Corylus,13451,genus,medium,reviewed broad hazelnut plant host
2,Dercitus (Stoeba) latex,ambiguous_manual_review,leave_review_needed,,,,none,No conservative final-host rule matched.
2,Aphidus ervi,ambiguous_manual_review,leave_review_needed,,,,none,No conservative final-host rule matched.
2,horsechestnut,ambiguous_manual_review,leave_review_needed,,,,none,No conservative final-host rule matched.
2,Hazel,ambiguous_manual_review,leave_review_needed,,,,none,No conservative final-host rule matched.
2,Diestrammena coreana,ambiguous_manual_review,leave_review_needed,,,,none,No conservative final-host rule matched.
2,rhodolith,ambiguous_manual_review,leave_review_needed,,,,none,No conservative final-host rule matched.
2,zoanthid Palythoa caribaeorum,ambiguous_manual_review,leave_review_needed,,,,none,No conservative final-host rule matched.
2,Bombax costatum,ambiguous_manual_review,leave_review_needed,,,,none,No conservative final-host rule matched.
2,black gobi,ambiguous_manual_review,leave_review_needed,,,,none,No conservative final-host rule matched.
2,Averhoa belimbi,ambiguous_manual_review,leave_review_needed,,,,none,No conservative final-host rule matched.
2,bracket mold,ambiguous_manual_review,leave_review_needed,,,,none,No conservative final-host rule matched.
2,Lasioglossum apopkense,ambiguous_manual_review,leave_review_needed,,,,none,No conservative final-host rule matched.
2,Neopsylla setosa,ambiguous_manual_review,leave_review_needed,,,,none,No conservative final-host rule matched.
2,Capsella sp.,ambiguous_manual_review,leave_review_needed,,,,none,No conservative final-host rule matched.
2,B. oleracea var. rubra,ambiguous_manual_review,leave_review_needed,,,,none,No conservative final-host rule matched.
2,E. vesicaria ssp. sativa,ambiguous_manual_review,leave_review_needed,,,,none,No conservative final-host rule matched.
2,Suidae sp. LYD,ambiguous_manual_review,leave_review_needed,,,,none,No conservative final-host rule matched.
2,Nasonia sp. VxG hybrid,ambiguous_manual_review,leave_review_needed,,,,none,No conservative final-host rule matched.
2,Stichoplastoris elusinus,ambiguous_manual_review,leave_review_needed,,,,none,No conservative final-host rule matched.
2,Olallieberry,ambiguous_manual_review,leave_review_needed,,,,none,No conservative final-host rule matched.
2,Sainfoin,ambiguous_manual_review,leave_review_needed,,,,none,No conservative final-host rule matched.
2,Crabapple,ambiguous_manual_review,leave_review_needed,,,,none,No conservative final-host rule matched.
2,Caraganae sp.,ambiguous_manual_review,leave_review_needed,,,,none,No conservative final-host rule matched.
2,Ocimum lamiifolium,ambiguous_manual_review,leave_review_needed,,,,none,No conservative final-host rule matched.
2,Allomyria dichotoma,ambiguous_manual_review,leave_review_needed,,,,none,No conservative final-host rule matched.
2,wangyaru,ambiguous_manual_review,leave_review_needed,,,,none,No conservative final-host rule matched.
2,grasses,ambiguous_manual_review,leave_review_needed,,,,none,No conservative final-host rule matched.
2,marine ciliate,ambiguous_manual_review,leave_review_needed,,,,none,No conservative final-host rule matched.
2,Haliclonissa verrucosa (sponge),ambiguous_manual_review,leave_review_needed,,,,none,No conservative final-host rule matched.
2,Lissodendoryx nobilis,ambiguous_manual_review,leave_review_needed,,,,none,No conservative final-host rule matched.
2,Anoxycalyx joubini,ambiguous_manual_review,leave_review_needed,,,,none,No conservative final-host rule matched.
2,Hyacint,ambiguous_manual_review,leave_review_needed,,,,none,No conservative final-host rule matched.
2,Siphamia cephalotes,ambiguous_manual_review,leave_review_needed,,,,none,No conservative final-host rule matched.
2,Dinoflagellate,common_host_name,add_reviewed_host_synonym,Dinophyceae,2864,class,medium,reviewed broad dinoflagellate host
2,N. makaihe,ambiguous_manual_review,leave_review_needed,,,,none,No conservative final-host rule matched.
2,N. ponapona,ambiguous_manual_review,leave_review_needed,,,,none,No conservative final-host rule matched.
2,N. sp. 246,ambiguous_manual_review,leave_review_needed,,,,none,No conservative final-host rule matched.
2,N. kanawao,ambiguous_manual_review,leave_review_needed,,,,none,No conservative final-host rule matched.
2,N. sp. 15,ambiguous_manual_review,leave_review_needed,,,,none,No conservative final-host rule matched.
2,N. sp. 48,ambiguous_manual_review,leave_review_needed,,,,none,No conservative final-host rule matched.
2,N. sp. 242,ambiguous_manual_review,leave_review_needed,,,,none,No conservative final-host rule matched.
2,N. sp. 58,ambiguous_manual_review,leave_review_needed,,,,none,No conservative final-host rule matched.
2,N. sp. 21,ambiguous_manual_review,leave_review_needed,,,,none,No conservative final-host rule matched.
2,N. sp. 17,ambiguous_manual_review,leave_review_needed,,,,none,No conservative final-host rule matched.
2,N. sp. 126,ambiguous_manual_review,leave_review_needed,,,,none,No conservative final-host rule matched.
2,N. sp. 29,ambiguous_manual_review,leave_review_needed,,,,none,No conservative final-host rule matched.
2,N. sp. 23,ambiguous_manual_review,leave_review_needed,,,,none,No conservative final-host rule matched.
2,N. haleakala,ambiguous_manual_review,leave_review_needed,,,,none,No conservative final-host rule matched.
2,N. sp. 281,ambiguous_manual_review,leave_review_needed,,,,none,No conservative final-host rule matched.
2,N. sp. 302,ambiguous_manual_review,leave_review_needed,,,,none,No conservative final-host rule matched.
2,N. ogradyi,ambiguous_manual_review,leave_review_needed,,,,none,No conservative final-host rule matched.
2,N. sp. 295,ambiguous_manual_review,leave_review_needed,,,,none,No conservative final-host rule matched.
2,Q. agrifolia x Q. wislizeni,ambiguous_manual_review,leave_review_needed,,,,none,No conservative final-host rule matched.
2,Picochlorum sp. 122,ambiguous_manual_review,leave_review_needed,,,,none,No conservative final-host rule matched.
2,Amphilectus digitatus,ambiguous_manual_review,leave_review_needed,,,,none,No conservative final-host rule matched.
2,Jiuqu,ambiguous_manual_review,leave_review_needed,,,,none,No conservative final-host rule matched.
2,B. minor,ambiguous_manual_review,leave_review_needed,,,,none,No conservative final-host rule matched.
1,toucan,ambiguous_manual_review,leave_review_needed,,,,none,No conservative final-host rule matched.
1,Partridge,ambiguous_manual_review,leave_review_needed,,,,none,No conservative final-host rule matched.
1,eared grebe,ambiguous_manual_review,leave_review_needed,,,,none,No conservative final-host rule matched.
1,Pelicanus rufescens,ambiguous_manual_review,leave_review_needed,,,,none,No conservative final-host rule matched.
1,Others -Heterodon platrhinos,ambiguous_manual_review,leave_review_needed,,,,none,No conservative final-host rule matched.
1,cetacean,ambiguous_manual_review,leave_review_needed,,,,none,No conservative final-host rule matched.
1,Otis tarde,ambiguous_manual_review,leave_review_needed,,,,none,No conservative final-host rule matched.
1,anatine,ambiguous_manual_review,leave_review_needed,,,,none,No conservative final-host rule matched.
1,Focha andina,ambiguous_manual_review,leave_review_needed,,,,none,No conservative final-host rule matched.
1,weever,ambiguous_manual_review,leave_review_needed,,,,none,No conservative final-host rule matched.
1,Hawk,ambiguous_manual_review,leave_review_needed,,,,none,No conservative final-host rule matched.
1,Soy,ambiguous_manual_review,leave_review_needed,,,,none,No conservative final-host rule matched.
1,Agamid,ambiguous_manual_review,leave_review_needed,,,,none,No conservative final-host rule matched.
1,opposum,ambiguous_manual_review,leave_review_needed,,,,none,No conservative final-host rule matched.
1,Lampine,ambiguous_manual_review,leave_review_needed,,,,none,No conservative final-host rule matched.
1,albatros,ambiguous_manual_review,leave_review_needed,,,,none,No conservative final-host rule matched.
1,waterbird,ambiguous_manual_review,leave_review_needed,,,,none,No conservative final-host rule matched.
1,Basunti mas,ambiguous_manual_review,leave_review_needed,,,,none,No conservative final-host rule matched.
1,Tinamu major,ambiguous_manual_review,leave_review_needed,,,,none,No conservative final-host rule matched.
1,Lyonycteris spurrelli,ambiguous_manual_review,leave_review_needed,,,,none,No conservative final-host rule matched.
1,Buffonidae sp,ambiguous_manual_review,leave_review_needed,,,,none,No conservative final-host rule matched.
1,Sula nebouxi,ambiguous_manual_review,leave_review_needed,,,,none,No conservative final-host rule matched.
1,Marmosa camescens,ambiguous_manual_review,leave_review_needed,,,,none,No conservative final-host rule matched.
1,South american tapirus terrestris,ambiguous_manual_review,leave_review_needed,,,,none,No conservative final-host rule matched.
1,night heron,ambiguous_manual_review,leave_review_needed,,,,none,No conservative final-host rule matched.
1,capercailie grouse,ambiguous_manual_review,leave_review_needed,,,,none,No conservative final-host rule matched.
1,stork,ambiguous_manual_review,leave_review_needed,,,,none,No conservative final-host rule matched.
1,heron,ambiguous_manual_review,leave_review_needed,,,,none,No conservative final-host rule matched.
1,macaw,ambiguous_manual_review,leave_review_needed,,,,none,No conservative final-host rule matched.
1,Abyssinian ground hornbill,ambiguous_manual_review,leave_review_needed,,,,none,No conservative final-host rule matched.
1,soldier,ambiguous_manual_review,leave_review_needed,,,,none,No conservative final-host rule matched.
1,slender-horned gazella,ambiguous_manual_review,leave_review_needed,,,,none,No conservative final-host rule matched.
1,Cockatoo sp.,ambiguous_manual_review,leave_review_needed,,,,none,No conservative final-host rule matched.
1,House martin,ambiguous_manual_review,leave_review_needed,,,,none,No conservative final-host rule matched.
1,Dunnock,ambiguous_manual_review,leave_review_needed,,,,none,No conservative final-host rule matched.
1,Superb Starling,ambiguous_manual_review,leave_review_needed,,,,none,No conservative final-host rule matched.
1,Garlic bolt,ambiguous_manual_review,leave_review_needed,,,,none,No conservative final-host rule matched.
1,Pakchoi,ambiguous_manual_review,leave_review_needed,,,,none,No conservative final-host rule matched.
1,White-Breasted Nuthatch,ambiguous_manual_review,leave_review_needed,,,,none,No conservative final-host rule matched.
1,Hainan,ambiguous_manual_review,leave_review_needed,,,,none,No conservative final-host rule matched.
1,Sichuan,ambiguous_manual_review,leave_review_needed,,,,none,No conservative final-host rule matched.
1,Shanxi,ambiguous_manual_review,leave_review_needed,,,,none,No conservative final-host rule matched.
1,wood-wren,ambiguous_manual_review,leave_review_needed,,,,none,No conservative final-host rule matched.
1,Bluefox,ambiguous_manual_review,leave_review_needed,,,,none,No conservative final-host rule matched.
1,Neonates,ambiguous_manual_review,leave_review_needed,,,,none,No conservative final-host rule matched.
1,Epalzeothynchos frenatum,ambiguous_manual_review,leave_review_needed,,,,none,No conservative final-host rule matched.
1,wild rabbits,ambiguous_manual_review,leave_review_needed,,,,none,No conservative final-host rule matched.
1,"Bootsock, Great Harewood",ambiguous_manual_review,leave_review_needed,,,,none,No conservative final-host rule matched.
1,snipe,ambiguous_manual_review,leave_review_needed,,,,none,No conservative final-host rule matched.
1,Red tailed hawk,ambiguous_manual_review,leave_review_needed,,,,none,No conservative final-host rule matched.
1,White radish,ambiguous_manual_review,leave_review_needed,,,,none,No conservative final-host rule matched.
1,Weever,ambiguous_manual_review,leave_review_needed,,,,none,No conservative final-host rule matched.
1,marter,ambiguous_manual_review,leave_review_needed,,,,none,No conservative final-host rule matched.
1,partridge,ambiguous_manual_review,leave_review_needed,,,,none,No conservative final-host rule matched.
1,Cloudrat,ambiguous_manual_review,leave_review_needed,,,,none,No conservative final-host rule matched.
1,GuineaPig,ambiguous_manual_review,leave_review_needed,,,,none,No conservative final-host rule matched.
1,Desmodium pulchellum,ambiguous_manual_review,leave_review_needed,,,,none,No conservative final-host rule matched.
1,roe buck,ambiguous_manual_review,leave_review_needed,,,,none,No conservative final-host rule matched.
1,wild chukar,ambiguous_manual_review,leave_review_needed,,,,none,No conservative final-host rule matched.
1,Maoctra Veneriformis,ambiguous_manual_review,leave_review_needed,,,,none,No conservative final-host rule matched.
1,Anopheline albitarsis,ambiguous_manual_review,leave_review_needed,,,,none,No conservative final-host rule matched.
1,straw,ambiguous_manual_review,leave_review_needed,,,,none,No conservative final-host rule matched.
1,Padding,ambiguous_manual_review,leave_review_needed,,,,none,No conservative final-host rule matched.
1,Lemuroidea,ambiguous_manual_review,leave_review_needed,,,,none,No conservative final-host rule matched.
1,sprouted soy,ambiguous_manual_review,leave_review_needed,,,,none,No conservative final-host rule matched.
1,gander,ambiguous_manual_review,leave_review_needed,,,,none,No conservative final-host rule matched.
1,red cocoyam,ambiguous_manual_review,leave_review_needed,,,,none,No conservative final-host rule matched.
1,Sangiovese,ambiguous_manual_review,leave_review_needed,,,,none,No conservative final-host rule matched.
1,Ortrugo,ambiguous_manual_review,leave_review_needed,,,,none,No conservative final-host rule matched.
1,olive,ambiguous_manual_review,leave_review_needed,,,,none,No conservative final-host rule matched.
1,Geophilidae_myriapod,ambiguous_manual_review,leave_review_needed,,,,none,No conservative final-host rule matched.
1,swallow,ambiguous_manual_review,leave_review_needed,,,,none,No conservative final-host rule matched.
1,olive knot (Olea europaea),ambiguous_manual_review,leave_review_needed,,,,none,No conservative final-host rule matched.
1,hime-yuzuriha,ambiguous_manual_review,leave_review_needed,,,,none,No conservative final-host rule matched.
1,Persicae,ambiguous_manual_review,leave_review_needed,,,,none,No conservative final-host rule matched.
1,ciliate,ambiguous_manual_review,leave_review_needed,,,,none,No conservative final-host rule matched.
1,Mullberry,ambiguous_manual_review,leave_review_needed,,,,none,No conservative final-host rule matched.
1,Barberry,ambiguous_manual_review,leave_review_needed,,,,none,No conservative final-host rule matched.
1,Chinese chive,ambiguous_manual_review,leave_review_needed,,,,none,No conservative final-host rule matched.
1,Rapeseed,ambiguous_manual_review,leave_review_needed,,,,none,No conservative final-host rule matched.
1,reed,ambiguous_manual_review,leave_review_needed,,,,none,No conservative final-host rule matched.
1,nature,ambiguous_manual_review,leave_review_needed,,,,none,No conservative final-host rule matched.
1,Landolita,ambiguous_manual_review,leave_review_needed,,,,none,No conservative final-host rule matched.
1,Winterberry holly,ambiguous_manual_review,leave_review_needed,,,,none,No conservative final-host rule matched.
1,ferr living,ambiguous_manual_review,leave_review_needed,,,,none,No conservative final-host rule matched.
1,Phyton sp.,ambiguous_manual_review,leave_review_needed,,,,none,No conservative final-host rule matched.
1,Pullet carpet shell,ambiguous_manual_review,leave_review_needed,,,,none,No conservative final-host rule matched.
1,BSFL,ambiguous_manual_review,leave_review_needed,,,,none,No conservative final-host rule matched.
1,red-billed woodhoopoe,ambiguous_manual_review,leave_review_needed,,,,none,No conservative final-host rule matched.
1,Bedding,ambiguous_manual_review,leave_review_needed,,,,none,No conservative final-host rule matched.
1,cockatoo,ambiguous_manual_review,leave_review_needed,,,,none,No conservative final-host rule matched.
1,Cuttloefish,ambiguous_manual_review,leave_review_needed,,,,none,No conservative final-host rule matched.
1,Akashiwo sangruia,ambiguous_manual_review,leave_review_needed,,,,none,No conservative final-host rule matched.
1,diseased yellow croaker,ambiguous_manual_review,leave_review_needed,,,,none,No conservative final-host rule matched.
1,Others -Oxycirrhites typus,ambiguous_manual_review,leave_review_needed,,,,none,No conservative final-host rule matched.
1,cage-cultured red drum,ambiguous_manual_review,leave_review_needed,,,,none,No conservative final-host rule matched.
1,Scleritoderma cyanea,ambiguous_manual_review,leave_review_needed,,,,none,No conservative final-host rule matched.
1,flumen aquae,ambiguous_manual_review,leave_review_needed,,,,none,No conservative final-host rule matched.
1,Hipocampus ingens (seahorse),ambiguous_manual_review,leave_review_needed,,,,none,No conservative final-host rule matched.
1,shirasu,ambiguous_manual_review,leave_review_needed,,,,none,No conservative final-host rule matched.
1,Giant seaperch,ambiguous_manual_review,leave_review_needed,,,,none,No conservative final-host rule matched.
1,Corbicula aurea,ambiguous_manual_review,leave_review_needed,,,,none,No conservative final-host rule matched.
1,mudfish,ambiguous_manual_review,leave_review_needed,,,,none,No conservative final-host rule matched.
1,Vibriosis affected Asian seabass (Lates calcarifer) fingerling,ambiguous_manual_review,leave_review_needed,,,,none,No conservative final-host rule matched.
1,longicorn,ambiguous_manual_review,leave_review_needed,,,,none,No conservative final-host rule matched.
1,Contoneaster amiguus,ambiguous_manual_review,leave_review_needed,,,,none,No conservative final-host rule matched.
1,GROUNDNUT,ambiguous_manual_review,leave_review_needed,,,,none,No conservative final-host rule matched.
1,Tabaco,ambiguous_manual_review,leave_review_needed,,,,none,No conservative final-host rule matched.
1,Honeysuckle,ambiguous_manual_review,leave_review_needed,,,,none,No conservative final-host rule matched.
1,Guang Chen Pi,ambiguous_manual_review,leave_review_needed,,,,none,No conservative final-host rule matched.
1,Ephistia cautella,ambiguous_manual_review,leave_review_needed,,,,none,No conservative final-host rule matched.
1,budworm,ambiguous_manual_review,leave_review_needed,,,,none,No conservative final-host rule matched.
1,Ephestia (Aphomia) qularis,ambiguous_manual_review,leave_review_needed,,,,none,No conservative final-host rule matched.
1,smooth vetch,ambiguous_manual_review,leave_review_needed,,,,none,No conservative final-host rule matched.
1,Thai silk cocoon,ambiguous_manual_review,leave_review_needed,,,,none,No conservative final-host rule matched.
1,Sanqi,ambiguous_manual_review,leave_review_needed,,,,none,No conservative final-host rule matched.
1,ivy,ambiguous_manual_review,leave_review_needed,,,,none,No conservative final-host rule matched.
1,chili,ambiguous_manual_review,leave_review_needed,,,,none,No conservative final-host rule matched.
1,silk worm litter,ambiguous_manual_review,leave_review_needed,,,,none,No conservative final-host rule matched.
1,Paramyelois transitella,ambiguous_manual_review,leave_review_needed,,,,none,No conservative final-host rule matched.
1,casava,ambiguous_manual_review,leave_review_needed,,,,none,No conservative final-host rule matched.
1,Vectobac,ambiguous_manual_review,leave_review_needed,,,,none,No conservative final-host rule matched.
1,wheatgrass,ambiguous_manual_review,leave_review_needed,,,,none,No conservative final-host rule matched.
1,chinese okra,ambiguous_manual_review,leave_review_needed,,,,none,No conservative final-host rule matched.
1,invertebrates,ambiguous_manual_review,leave_review_needed,,,,none,No conservative final-host rule matched.
1,F21Forl,ambiguous_manual_review,leave_review_needed,,,,none,No conservative final-host rule matched.
1,M422A2,ambiguous_manual_review,leave_review_needed,,,,none,No conservative final-host rule matched.
1,peony,ambiguous_manual_review,leave_review_needed,,,,none,No conservative final-host rule matched.
1,M21Kner,ambiguous_manual_review,leave_review_needed,,,,none,No conservative final-host rule matched.
1,Tryonyx sinensis (Chinese soft-shell turtle),ambiguous_manual_review,leave_review_needed,,,,none,No conservative final-host rule matched.
1,wenyujin,ambiguous_manual_review,leave_review_needed,,,,none,No conservative final-host rule matched.
1,honeysuckle,ambiguous_manual_review,leave_review_needed,,,,none,No conservative final-host rule matched.
1,Chinese chives,ambiguous_manual_review,leave_review_needed,,,,none,No conservative final-host rule matched.
1,Amitermes hastatus,ambiguous_manual_review,leave_review_needed,,,,none,No conservative final-host rule matched.
1,LEPM 108,ambiguous_manual_review,leave_review_needed,,,,none,No conservative final-host rule matched.
1,Fritillariae Cirrhosae,ambiguous_manual_review,leave_review_needed,,,,none,No conservative final-host rule matched.
1,Streptomyes sp.HNM0140,ambiguous_manual_review,leave_review_needed,,,,none,No conservative final-host rule matched.
1,Justicia subcoriacea,ambiguous_manual_review,leave_review_needed,,,,none,No conservative final-host rule matched.
1,Salp sp.,ambiguous_manual_review,leave_review_needed,,,,none,No conservative final-host rule matched.
1,O. stricta,ambiguous_manual_review,leave_review_needed,,,,none,No conservative final-host rule matched.
1,Xestosponiga sp. QYP07 (sponge),ambiguous_manual_review,leave_review_needed,,,,none,No conservative final-host rule matched.
1,Xestospongia sp. SYM12 (sponge),ambiguous_manual_review,leave_review_needed,,,,none,No conservative final-host rule matched.
1,Axinellida sp. (marine sponge),ambiguous_manual_review,leave_review_needed,,,,none,No conservative final-host rule matched.
1,M43Fcsw,ambiguous_manual_review,leave_review_needed,,,,none,No conservative final-host rule matched.
1,M43Plmr,ambiguous_manual_review,leave_review_needed,,,,none,No conservative final-host rule matched.
1,F34Frhd,ambiguous_manual_review,leave_review_needed,,,,none,No conservative final-host rule matched.
1,Cyanobacterium Lyngbya cf. aestuarii,ambiguous_manual_review,leave_review_needed,,,,none,No conservative final-host rule matched.
1,Lissodendoryx diversichela,ambiguous_manual_review,leave_review_needed,,,,none,No conservative final-host rule matched.
1,Brasillia sp.,ambiguous_manual_review,leave_review_needed,,,,none,No conservative final-host rule matched.
1,Ursidae sp.,ambiguous_manual_review,leave_review_needed,,,,none,No conservative final-host rule matched.
1,M41Glns,ambiguous_manual_review,leave_review_needed,,,,none,No conservative final-host rule matched.
1,Orchid,ambiguous_manual_review,leave_review_needed,,,,none,No conservative final-host rule matched.
1,Saurania reinwardti,ambiguous_manual_review,leave_review_needed,,,,none,No conservative final-host rule matched.
1,aquatic mosses,ambiguous_manual_review,leave_review_needed,,,,none,No conservative final-host rule matched.
1,slime mold,ambiguous_manual_review,leave_review_needed,,,,none,No conservative final-host rule matched.
1,C57BL/6J,ambiguous_manual_review,leave_review_needed,,,,none,No conservative final-host rule matched.
1,tenophyllus hirticrus,ambiguous_manual_review,leave_review_needed,,,,none,No conservative final-host rule matched.
1,Siberian jerboa (Allactagasibirica),ambiguous_manual_review,leave_review_needed,,,,none,No conservative final-host rule matched.
1,Ctenophthalmus orientalis,ambiguous_manual_review,leave_review_needed,,,,none,No conservative final-host rule matched.
1,Citellus musticus,ambiguous_manual_review,leave_review_needed,,,,none,No conservative final-host rule matched.
1,Pallasiomys meridianus,ambiguous_manual_review,leave_review_needed,,,,none,No conservative final-host rule matched.
1,Haemophisalus,ambiguous_manual_review,leave_review_needed,,,,none,No conservative final-host rule matched.
1,Coleophora tesquorum,ambiguous_manual_review,leave_review_needed,,,,none,No conservative final-host rule matched.
1,Ctenophthalmus teres,ambiguous_manual_review,leave_review_needed,,,,none,No conservative final-host rule matched.
1,Paradoxopsyllus scorodumovi,ambiguous_manual_review,leave_review_needed,,,,none,No conservative final-host rule matched.
1,Blandfordimys juldaschi carruthersi,ambiguous_manual_review,leave_review_needed,,,,none,No conservative final-host rule matched.
1,Citellus fulvus,ambiguous_manual_review,leave_review_needed,,,,none,No conservative final-host rule matched.
1,Stiralius aporus rectodigitus,ambiguous_manual_review,leave_review_needed,,,,none,No conservative final-host rule matched.
1,Amphisylla,ambiguous_manual_review,leave_review_needed,,,,none,No conservative final-host rule matched.
1,Lagria grenieri,ambiguous_manual_review,leave_review_needed,,,,none,No conservative final-host rule matched.
1,boxwood,ambiguous_manual_review,leave_review_needed,,,,none,No conservative final-host rule matched.
1,gingsen,ambiguous_manual_review,leave_review_needed,,,,none,No conservative final-host rule matched.
1,Concentrated platelets mixture,ambiguous_manual_review,leave_review_needed,,,,none,No conservative final-host rule matched.
1,Concentrated platelets mixture -Preservative solution,ambiguous_manual_review,leave_review_needed,,,,none,No conservative final-host rule matched.
1,Concentrated platelets mixture-Preservative solution,ambiguous_manual_review,leave_review_needed,,,,none,No conservative final-host rule matched.
1,Vibernum davidii,ambiguous_manual_review,leave_review_needed,,,,none,No conservative final-host rule matched.
1,Crape Myrtle,ambiguous_manual_review,leave_review_needed,,,,none,No conservative final-host rule matched.
1,Sinapsis avensis,ambiguous_manual_review,leave_review_needed,,,,none,No conservative final-host rule matched.
1,Rhynchosiae phaseoloides,ambiguous_manual_review,leave_review_needed,,,,none,No conservative final-host rule matched.
1,Nightshade (Solanum nigrum),ambiguous_manual_review,leave_review_needed,,,,none,No conservative final-host rule matched.
1,Latuca sp.,ambiguous_manual_review,leave_review_needed,,,,none,No conservative final-host rule matched.
1,Linaria sp.,ambiguous_manual_review,leave_review_needed,,,,none,No conservative final-host rule matched.
1,Cucurbit,ambiguous_manual_review,leave_review_needed,,,,none,No conservative final-host rule matched.
1,Orizae sativa L.,ambiguous_manual_review,leave_review_needed,,,,none,No conservative final-host rule matched.
1,mexican lime,ambiguous_manual_review,leave_review_needed,,,,none,No conservative final-host rule matched.
1,Greek oregano,ambiguous_manual_review,leave_review_needed,,,,none,No conservative final-host rule matched.
1,B. oleracea var. alba,ambiguous_manual_review,leave_review_needed,,,,none,No conservative final-host rule matched.
1,B. oleracea var. sabauda,ambiguous_manual_review,leave_review_needed,,,,none,No conservative final-host rule matched.
1,Ipomea obscura,ambiguous_manual_review,leave_review_needed,,,,none,No conservative final-host rule matched.
1,"""Ipomoea aquatic""",ambiguous_manual_review,leave_review_needed,,,,none,No conservative final-host rule matched.
1,Crambe sp.,ambiguous_manual_review,leave_review_needed,,,,none,No conservative final-host rule matched.
1,brolier,ambiguous_manual_review,leave_review_needed,,,,none,No conservative final-host rule matched.
1,pasture gramineae,ambiguous_manual_review,leave_review_needed,,,,none,No conservative final-host rule matched.
1,M32Plmr,ambiguous_manual_review,leave_review_needed,,,,none,No conservative final-host rule matched.
1,scrub2,ambiguous_manual_review,leave_review_needed,,,,none,No conservative final-host rule matched.
1,bath1b,ambiguous_manual_review,leave_review_needed,,,,none,No conservative final-host rule matched.
1,scrub1a,ambiguous_manual_review,leave_review_needed,,,,none,No conservative final-host rule matched.
1,bath1a,ambiguous_manual_review,leave_review_needed,,,,none,No conservative final-host rule matched.
1,Borellia bruneri,ambiguous_manual_review,leave_review_needed,,,,none,No conservative final-host rule matched.
1,sika,ambiguous_manual_review,leave_review_needed,,,,none,No conservative final-host rule matched.
1,S.paradoxus,ambiguous_manual_review,leave_review_needed,,,,none,No conservative final-host rule matched.
1,Boraras naevus,ambiguous_manual_review,leave_review_needed,,,,none,No conservative final-host rule matched.
1,Fungi2_78,ambiguous_manual_review,leave_review_needed,,,,none,No conservative final-host rule matched.
1,Fungi2_8,ambiguous_manual_review,leave_review_needed,,,,none,No conservative final-host rule matched.
1,Fungi2_81,ambiguous_manual_review,leave_review_needed,,,,none,No conservative final-host rule matched.
1,Minipig,ambiguous_manual_review,leave_review_needed,,,,none,No conservative final-host rule matched.
1,Pelican,ambiguous_manual_review,leave_review_needed,,,,none,No conservative final-host rule matched.
1,M22Ewxr,ambiguous_manual_review,leave_review_needed,,,,none,No conservative final-host rule matched.
1,Cichlid,ambiguous_manual_review,leave_review_needed,,,,none,No conservative final-host rule matched.
1,Sf1EP,ambiguous_manual_review,leave_review_needed,,,,none,No conservative final-host rule matched.
1,P024V1,ambiguous_manual_review,leave_review_needed,,,,none,No conservative final-host rule matched.
1,Saffron,ambiguous_manual_review,leave_review_needed,,,,none,No conservative final-host rule matched.
1,Pumpkin,ambiguous_manual_review,leave_review_needed,,,,none,No conservative final-host rule matched.
1,Chili,ambiguous_manual_review,leave_review_needed,,,,none,No conservative final-host rule matched.
1,Porqupine,ambiguous_manual_review,leave_review_needed,,,,none,No conservative final-host rule matched.
1,African spoonbiil,ambiguous_manual_review,leave_review_needed,,,,none,No conservative final-host rule matched.
1,Dune Marsh Elder Iva imbricata,ambiguous_manual_review,leave_review_needed,,,,none,No conservative final-host rule matched.
1,Porphyla,ambiguous_manual_review,leave_review_needed,,,,none,No conservative final-host rule matched.
1,vetch,ambiguous_manual_review,leave_review_needed,,,,none,No conservative final-host rule matched.
1,Chamaecytisus albus,ambiguous_manual_review,leave_review_needed,,,,none,No conservative final-host rule matched.
1,Berseem,ambiguous_manual_review,leave_review_needed,,,,none,No conservative final-host rule matched.
1,CSIR-IHBT,ambiguous_manual_review,leave_review_needed,,,,none,No conservative final-host rule matched.
1,Birch,ambiguous_manual_review,leave_review_needed,,,,none,No conservative final-host rule matched.
1,Lilac,ambiguous_manual_review,leave_review_needed,,,,none,No conservative final-host rule matched.
1,chestnut,ambiguous_manual_review,leave_review_needed,,,,none,No conservative final-host rule matched.
1,Maple,ambiguous_manual_review,leave_review_needed,,,,none,No conservative final-host rule matched.
1,Leobordea pulchra,ambiguous_manual_review,leave_review_needed,,,,none,No conservative final-host rule matched.
1,Rhynchosia totta,ambiguous_manual_review,leave_review_needed,,,,none,No conservative final-host rule matched.
1,Desmonium incanum,ambiguous_manual_review,leave_review_needed,,,,none,No conservative final-host rule matched.
1,Leobordea lanceolata,ambiguous_manual_review,leave_review_needed,,,,none,No conservative final-host rule matched.
1,Phaecochoerus aethipicus,ambiguous_manual_review,leave_review_needed,,,,none,No conservative final-host rule matched.
1,BREEDER,ambiguous_manual_review,leave_review_needed,,,,none,No conservative final-host rule matched.
1,Nippon ibis,ambiguous_manual_review,leave_review_needed,,,,none,No conservative final-host rule matched.
1,Isolated from cauliflower,ambiguous_manual_review,leave_review_needed,,,,none,No conservative final-host rule matched.
1,Melobium obcordatum,ambiguous_manual_review,leave_review_needed,,,,none,No conservative final-host rule matched.
1,sugar cane YZ08-1095,ambiguous_manual_review,leave_review_needed,,,,none,No conservative final-host rule matched.
1,Guar pulse,ambiguous_manual_review,leave_review_needed,,,,none,No conservative final-host rule matched.
1,Crategus cuneata,ambiguous_manual_review,leave_review_needed,,,,none,No conservative final-host rule matched.
1,Helconica sp.,ambiguous_manual_review,leave_review_needed,,,,none,No conservative final-host rule matched.
1,Rhizoma kaempferiae,ambiguous_manual_review,leave_review_needed,,,,none,No conservative final-host rule matched.
1,sesame seedling,ambiguous_manual_review,leave_review_needed,,,,none,No conservative final-host rule matched.
1,small cardamom,ambiguous_manual_review,leave_review_needed,,,,none,No conservative final-host rule matched.
1,Photos sp.,ambiguous_manual_review,leave_review_needed,,,,none,No conservative final-host rule matched.
1,chiehqua,ambiguous_manual_review,leave_review_needed,,,,none,No conservative final-host rule matched.
1,Carrageenan,ambiguous_manual_review,leave_review_needed,,,,none,No conservative final-host rule matched.
1,Costelytra giveni,ambiguous_manual_review,leave_review_needed,,,,none,No conservative final-host rule matched.
1,Three-lined grunt (Parapristipoma trilineatum),ambiguous_manual_review,leave_review_needed,,,,none,No conservative final-host rule matched.
1,Malawi cichlid (Auloncara maleri),ambiguous_manual_review,leave_review_needed,,,,none,No conservative final-host rule matched.
1,H. concina,ambiguous_manual_review,leave_review_needed,,,,none,No conservative final-host rule matched.
1,D. daghestanicus,ambiguous_manual_review,leave_review_needed,,,,none,No conservative final-host rule matched.
1,D. dagistanicus,ambiguous_manual_review,leave_review_needed,,,,none,No conservative final-host rule matched.
1,H. Concina,ambiguous_manual_review,leave_review_needed,,,,none,No conservative final-host rule matched.
1,Marten,ambiguous_manual_review,leave_review_needed,,,,none,No conservative final-host rule matched.
1,16S52,ambiguous_manual_review,leave_review_needed,,,,none,No conservative final-host rule matched.
1,Canthopagrus schlegeli,ambiguous_manual_review,leave_review_needed,,,,none,No conservative final-host rule matched.
1,Mephitiade sp.,ambiguous_manual_review,leave_review_needed,,,,none,No conservative final-host rule matched.
1,Weasel,ambiguous_manual_review,leave_review_needed,,,,none,No conservative final-host rule matched.
1,Rhodococcus,ambiguous_manual_review,leave_review_needed,,,,none,No conservative final-host rule matched.
1,F34Tong,ambiguous_manual_review,leave_review_needed,,,,none,No conservative final-host rule matched.
1,Mineral hydromagnesite,ambiguous_manual_review,leave_review_needed,,,,none,No conservative final-host rule matched.
1,Amphiblestrum auritum,ambiguous_manual_review,leave_review_needed,,,,none,No conservative final-host rule matched.
1,Periwinkle,ambiguous_manual_review,leave_review_needed,,,,none,No conservative final-host rule matched.
1,Polyalae radix,ambiguous_manual_review,leave_review_needed,,,,none,No conservative final-host rule matched.
1,Holothurian,ambiguous_manual_review,leave_review_needed,,,,none,No conservative final-host rule matched.
1,Haliclonissa verrucosa,ambiguous_manual_review,leave_review_needed,,,,none,No conservative final-host rule matched.
1,Class Hexactinellida,ambiguous_manual_review,leave_review_needed,,,,none,No conservative final-host rule matched.
1,USA:New York,ambiguous_manual_review,leave_review_needed,,,,none,No conservative final-host rule matched.
1,I. ricinus,ambiguous_manual_review,leave_review_needed,,,,none,No conservative final-host rule matched.
1,Cottonwood,ambiguous_manual_review,leave_review_needed,,,,none,No conservative final-host rule matched.
1,Peony,ambiguous_manual_review,leave_review_needed,,,,none,No conservative final-host rule matched.
1,Russian Sage,ambiguous_manual_review,leave_review_needed,,,,none,No conservative final-host rule matched.
1,P.falciparum,ambiguous_manual_review,leave_review_needed,,,,none,No conservative final-host rule matched.
1,Psychotria schumanniana,ambiguous_manual_review,leave_review_needed,,,,none,No conservative final-host rule matched.
1,Pigeonpea,ambiguous_manual_review,leave_review_needed,,,,none,No conservative final-host rule matched.
1,Adelaide Rosella,ambiguous_manual_review,leave_review_needed,,,,none,No conservative final-host rule matched.
1,shorebird,ambiguous_manual_review,leave_review_needed,,,,none,No conservative final-host rule matched.
1,Parrotbill,ambiguous_manual_review,leave_review_needed,,,,none,No conservative final-host rule matched.
1,fulmars,ambiguous_manual_review,leave_review_needed,,,,none,No conservative final-host rule matched.
1,Xinjiang nor,ambiguous_manual_review,leave_review_needed,,,,none,No conservative final-host rule matched.
1,Fungi63,ambiguous_manual_review,leave_review_needed,,,,none,No conservative final-host rule matched.
1,dhalia,ambiguous_manual_review,leave_review_needed,,,,none,No conservative final-host rule matched.
1,Iris sp.,ambiguous_manual_review,leave_review_needed,,,,none,No conservative final-host rule matched.
1,fig,ambiguous_manual_review,leave_review_needed,,,,none,No conservative final-host rule matched.
1,Duli,ambiguous_manual_review,leave_review_needed,,,,none,No conservative final-host rule matched.
1,weaned Rex rabbits,ambiguous_manual_review,leave_review_needed,,,,none,No conservative final-host rule matched.
1,Diestrammena coreana (camel cricket),ambiguous_manual_review,leave_review_needed,,,,none,No conservative final-host rule matched.
1,Craugastor taurus,ambiguous_manual_review,leave_review_needed,,,,none,No conservative final-host rule matched.
1,Guinea multimammate,ambiguous_manual_review,leave_review_needed,,,,none,No conservative final-host rule matched.
1,Porphyrae yezoensis (red alga),ambiguous_manual_review,leave_review_needed,,,,none,No conservative final-host rule matched.
1,comb pen shell,ambiguous_manual_review,leave_review_needed,,,,none,No conservative final-host rule matched.
1,Tomate,ambiguous_manual_review,leave_review_needed,,,,none,No conservative final-host rule matched.
1,Ryegrass,ambiguous_manual_review,leave_review_needed,,,,none,No conservative final-host rule matched.
1,16S90,ambiguous_manual_review,leave_review_needed,,,,none,No conservative final-host rule matched.
1,gosling,ambiguous_manual_review,leave_review_needed,,,,none,No conservative final-host rule matched.
1,Chinese silvergrass,ambiguous_manual_review,leave_review_needed,,,,none,No conservative final-host rule matched.
1,Mantidactylus aff. curtus 19,ambiguous_manual_review,leave_review_needed,,,,none,No conservative final-host rule matched.
1,Rostrolucina anterorostrata,ambiguous_manual_review,leave_review_needed,,,,none,No conservative final-host rule matched.
1,Troendleina suluensis,ambiguous_manual_review,leave_review_needed,,,,none,No conservative final-host rule matched.
1,Ustalcina ferruginea,ambiguous_manual_review,leave_review_needed,,,,none,No conservative final-host rule matched.
1,"Myrtea sp. ""scaly one"" KF741663",ambiguous_manual_review,leave_review_needed,,,,none,No conservative final-host rule matched.
1,16S67,ambiguous_manual_review,leave_review_needed,,,,none,No conservative final-host rule matched.
1,PROTEOBACTERIA-BETA,ambiguous_manual_review,leave_review_needed,,,,none,No conservative final-host rule matched.
1,Alydus tomentosus,ambiguous_manual_review,leave_review_needed,,,,none,No conservative final-host rule matched.
1,marine invertebrate,ambiguous_manual_review,leave_review_needed,,,,none,No conservative final-host rule matched.
1,forage rape,ambiguous_manual_review,leave_review_needed,,,,none,No conservative final-host rule matched.
1,millet,ambiguous_manual_review,leave_review_needed,,,,none,No conservative final-host rule matched.
1,mustard,ambiguous_manual_review,leave_review_needed,,,,none,No conservative final-host rule matched.
1,Marantha leuconeura,ambiguous_manual_review,leave_review_needed,,,,none,No conservative final-host rule matched.
1,Fungi2_98,ambiguous_manual_review,leave_review_needed,,,,none,No conservative final-host rule matched.
1,Westrigia fruticosa,ambiguous_manual_review,leave_review_needed,,,,none,No conservative final-host rule matched.
1,Olive,ambiguous_manual_review,leave_review_needed,,,,none,No conservative final-host rule matched.
1,Verdot sp.,ambiguous_manual_review,leave_review_needed,,,,none,No conservative final-host rule matched.
1,Pinot Noir,ambiguous_manual_review,leave_review_needed,,,,none,No conservative final-host rule matched.
1,Chambourcin sp.,ambiguous_manual_review,leave_review_needed,,,,none,No conservative final-host rule matched.
1,Merlot sp.,ambiguous_manual_review,leave_review_needed,,,,none,No conservative final-host rule matched.
1,Plantanus sp.,ambiguous_manual_review,leave_review_needed,,,,none,No conservative final-host rule matched.
1,jujube,ambiguous_manual_review,leave_review_needed,,,,none,No conservative final-host rule matched.
1,Luffae sp.,ambiguous_manual_review,leave_review_needed,,,,none,No conservative final-host rule matched.
1,periwinkle,ambiguous_manual_review,leave_review_needed,,,,none,No conservative final-host rule matched.
1,Hamacantha esperioides,ambiguous_manual_review,leave_review_needed,,,,none,No conservative final-host rule matched.
1,hyacinth,ambiguous_manual_review,leave_review_needed,,,,none,No conservative final-host rule matched.
1,CBA,ambiguous_manual_review,leave_review_needed,,,,none,No conservative final-host rule matched.
1,invertebrate,ambiguous_manual_review,leave_review_needed,,,,none,No conservative final-host rule matched.
1,fermented foods Jiaosu,ambiguous_manual_review,leave_review_needed,,,,none,No conservative final-host rule matched.
1,pumpkin,ambiguous_manual_review,leave_review_needed,,,,none,No conservative final-host rule matched.
1,string beans,ambiguous_manual_review,leave_review_needed,,,,none,No conservative final-host rule matched.
1,capricorn,ambiguous_manual_review,leave_review_needed,,,,none,No conservative final-host rule matched.
1,Steirnernema unicornum,ambiguous_manual_review,leave_review_needed,,,,none,No conservative final-host rule matched.
1,frass,ambiguous_manual_review,leave_review_needed,,,,none,No conservative final-host rule matched.
1,Cicadidae sp. C,ambiguous_manual_review,leave_review_needed,,,,none,No conservative final-host rule matched.
1,Leptosemia sp. G,ambiguous_manual_review,leave_review_needed,,,,none,No conservative final-host rule matched.
1,Meenoplinae sp.,ambiguous_manual_review,leave_review_needed,,,,none,No conservative final-host rule matched.
1,N. maratima,ambiguous_manual_review,leave_review_needed,,,,none,No conservative final-host rule matched.
1,N. montium,ambiguous_manual_review,leave_review_needed,,,,none,No conservative final-host rule matched.
1,Fetuca,ambiguous_manual_review,leave_review_needed,,,,none,No conservative final-host rule matched.
1,Ridgea piscesae,ambiguous_manual_review,leave_review_needed,,,,none,No conservative final-host rule matched.
1,C. elegans,ambiguous_manual_review,leave_review_needed,,,,none,No conservative final-host rule matched.
1,Anoecia oenotherae,ambiguous_manual_review,leave_review_needed,,,,none,No conservative final-host rule matched.
1,Penares incrustans,ambiguous_manual_review,leave_review_needed,,,,none,No conservative final-host rule matched.
1,Sevilla affinis,ambiguous_manual_review,leave_review_needed,,,,none,No conservative final-host rule matched.
1,Pomace,ambiguous_manual_review,leave_review_needed,,,,none,No conservative final-host rule matched.
1,Nephrolepsis exaltata,ambiguous_manual_review,leave_review_needed,,,,none,No conservative final-host rule matched.
1,green alga,ambiguous_manual_review,leave_review_needed,,,,none,No conservative final-host rule matched.
1,OCEAN,ambiguous_manual_review,leave_review_needed,,,,none,No conservative final-host rule matched.
1,Green spruce,ambiguous_manual_review,leave_review_needed,,,,none,No conservative final-host rule matched.
1,putative tunicate,ambiguous_manual_review,leave_review_needed,,,,none,No conservative final-host rule matched.
1,Acanthaphora specifera,ambiguous_manual_review,leave_review_needed,,,,none,No conservative final-host rule matched.
1,NewZealand rabbits,ambiguous_manual_review,leave_review_needed,,,,none,No conservative final-host rule matched.
1,Planarians flatworm,ambiguous_manual_review,leave_review_needed,,,,none,No conservative final-host rule matched.
1,Calytrix glaberrima,ambiguous_manual_review,leave_review_needed,,,,none,No conservative final-host rule matched.
1,raccoondog,ambiguous_manual_review,leave_review_needed,,,,none,No conservative final-host rule matched.
1,tellus,ambiguous_manual_review,leave_review_needed,,,,none,No conservative final-host rule matched.
1,white elm,ambiguous_manual_review,leave_review_needed,,,,none,No conservative final-host rule matched.
1,Pumkin,ambiguous_manual_review,leave_review_needed,,,,none,No conservative final-host rule matched.
1,Danica,ambiguous_manual_review,leave_review_needed,,,,none,No conservative final-host rule matched.
1,Fungi2_90,ambiguous_manual_review,leave_review_needed,,,,none,No conservative final-host rule matched.
1,tubeworm trophosome,ambiguous_manual_review,leave_review_needed,,,,none,No conservative final-host rule matched.
1,Sebdenia dichotoma,ambiguous_manual_review,leave_review_needed,,,,none,No conservative final-host rule matched.
1,Fungi3,ambiguous_manual_review,leave_review_needed,,,,none,No conservative final-host rule matched.
1,white pelican,ambiguous_manual_review,leave_review_needed,,,,none,No conservative final-host rule matched.
1,Marine invertebrate,ambiguous_manual_review,leave_review_needed,,,,none,No conservative final-host rule matched.
1,Anaerameoba flamelloides Busselton2,ambiguous_manual_review,leave_review_needed,,,,none,No conservative final-host rule matched.
1,Ananeramoeba flamelloides Schooner1,ambiguous_manual_review,leave_review_needed,,,,none,No conservative final-host rule matched.
1,Amata sperbius,ambiguous_manual_review,leave_review_needed,,,,none,No conservative final-host rule matched.
1,Parachiridia subirrorata,ambiguous_manual_review,leave_review_needed,,,,none,No conservative final-host rule matched.
1,wild orchid,ambiguous_manual_review,leave_review_needed,,,,none,No conservative final-host rule matched.
1,Wohrlfartia sp.,ambiguous_manual_review,leave_review_needed,,,,none,No conservative final-host rule matched.
1,Callysponga elegans,ambiguous_manual_review,leave_review_needed,,,,none,No conservative final-host rule matched.
1,Decaying wood,ambiguous_manual_review,leave_review_needed,,,,none,No conservative final-host rule matched.
1,Aulonothroscus sp. AUS03,ambiguous_manual_review,leave_review_needed,,,,none,No conservative final-host rule matched.
1,Enveronmental,ambiguous_manual_review,leave_review_needed,,,,none,No conservative final-host rule matched.
1,Comscasia,ambiguous_manual_review,leave_review_needed,,,,none,No conservative final-host rule matched.
1,eastern boxelder,ambiguous_manual_review,leave_review_needed,,,,none,No conservative final-host rule matched.
1,Empoasca mexicana,ambiguous_manual_review,leave_review_needed,,,,none,No conservative final-host rule matched.
1,Ulvan,ambiguous_manual_review,leave_review_needed,,,,none,No conservative final-host rule matched.
1,Picochloruma sp. 122,ambiguous_manual_review,leave_review_needed,,,,none,No conservative final-host rule matched.
1,O. sativa,ambiguous_manual_review,leave_review_needed,,,,none,No conservative final-host rule matched.
1,culturing pond,ambiguous_manual_review,leave_review_needed,,,,none,No conservative final-host rule matched.
1,orchids,ambiguous_manual_review,leave_review_needed,,,,none,No conservative final-host rule matched.
1,bromeliads,ambiguous_manual_review,leave_review_needed,,,,none,No conservative final-host rule matched.
1,A. swainsoni,ambiguous_manual_review,leave_review_needed,,,,none,No conservative final-host rule matched.
1,vine,ambiguous_manual_review,leave_review_needed,,,,none,No conservative final-host rule matched.
1,Spirastrella abata,ambiguous_manual_review,leave_review_needed,,,,none,No conservative final-host rule matched.
1,Haliclona perlucida,ambiguous_manual_review,leave_review_needed,,,,none,No conservative final-host rule matched.
1,Crypticerya_multicicatrices,ambiguous_manual_review,leave_review_needed,,,,none,No conservative final-host rule matched.
1,Lucinoma atalantae,ambiguous_manual_review,leave_review_needed,,,,none,No conservative final-host rule matched.
1,ostracean,ambiguous_manual_review,leave_review_needed,,,,none,No conservative final-host rule matched.
1,red marine alga,ambiguous_manual_review,leave_review_needed,,,,none,No conservative final-host rule matched.
1,lichens,ambiguous_manual_review,leave_review_needed,,,,none,No conservative final-host rule matched.
1,M64Tong,ambiguous_manual_review,leave_review_needed,,,,none,No conservative final-host rule matched.
1,Kestrel,ambiguous_manual_review,leave_review_needed,,,,none,No conservative final-host rule matched.
1,Porities sp.,ambiguous_manual_review,leave_review_needed,,,,none,No conservative final-host rule matched.
